cpf,email,nome
38157487986,lois_webster@gmail.com,Lois Webster
60061551503,aaron_carr@gmail.com,Aaron Carr
80020077009,dorothy_adkins@live.com,Dorothy Adkins
95821755085,clayton_underwood@live.com,Clayton Underwood
79029604549,brent_huff@bol.com.br,Brent Huff
82360237705,cole_cook@live.com,Cole Cook
09198038737,eddie_willis@bol.com.br,Eddie Willis
46187249437,alta_owens@hotmail.com,Alta Owens
04519475686,dale_pearson@live.com,Dale Pearson
98702610949,rachel_arnold@live.com,Rachel Arnold
70466169221,clarence_jenkins@yahoo.com,Clarence Jenkins
72541237049,jorge_bass@bol.com.br,Jorge Bass
56913392141,ruth_stewart@yahoo.com,Ruth Stewart
73610445068,steven_white@yahoo.com,Steven White
77048348780,marguerite_gardner@live.com,Marguerite Gardner
27560262120,ruth_gutierrez@gmail.com,Ruth Gutierrez
96535441369,alejandro_ferguson@bol.com.br,Alejandro Ferguson
58244601590,ora_morgan@bol.com.br,Ora Morgan
74046486619,ellen_cannon@hotmail.com,Ellen Cannon
26324454851,emily_washington@gmail.com,Emily Washington
38410575868,nathan_bailey@live.com,Nathan Bailey
59400739800,joe_hernandez@live.com,Joe Hernandez
59829706893,eula_ingram@outlook.com.br,Eula Ingram
14863443803,jessie_murphy@outlook.com.br,Jessie Murphy
32116924448,winifred_mcguire@gmail.com,Winifred McGuire
09825633611,lulu_banks@outlook.com.br,Lulu Banks
55188247267,theodore_morales@gmail.com,Theodore Morales
89694175089,eddie_castro@bol.com.br,Eddie Castro
83718777223,brandon_hunt@outlook.com.br,Brandon Hunt
55100487356,brett_carroll@outlook.com.br,Brett Carroll
91219303259,blake_steele@hotmail.com,Blake Steele
53544824531,lou_stevens@outlook.com.br,Lou Stevens
86637617598,alvin_lawson@bol.com.br,Alvin Lawson
63948179107,leon_ross@live.com,Leon Ross
59587312112,rosetta_gregory@live.com,Rosetta Gregory
72605519333,oscar_salazar@bol.com.br,Oscar Salazar
15793734619,callie_baldwin@outlook.com.br,Callie Baldwin
07614600398,pauline_sutton@gmail.com,Pauline Sutton
80000400696,della_castillo@hotmail.com,Della Castillo
80422206008,franklin_reynolds@bol.com.br,Franklin Reynolds
54769367341,albert_ramos@gmail.com,Albert Ramos
61452832897,martha_todd@live.com,Martha Todd
71356147399,william_miles@gmail.com,William Miles
02087680507,luella_bowen@hotmail.com,Luella Bowen
79226454060,hettie_hamilton@hotmail.com,Hettie Hamilton
17893813989,douglas_todd@gmail.com,Douglas Todd
91597943720,amy_logan@hotmail.com,Amy Logan
05711894668,erik_black@bol.com.br,Erik Black
08703255743,maurice_meyer@hotmail.com,Maurice Meyer
85875811633,eugene_daniel@hotmail.com,Eugene Daniel
32126102807,devin_newman@live.com,Devin Newman
54538131482,christine_taylor@live.com,Christine Taylor
14351591013,luella_hubbard@hotmail.com,Luella Hubbard
69352268059,jeffery_banks@hotmail.com,Jeffery Banks
80728207451,gertrude_maldonado@live.com,Gertrude Maldonado
05083045710,dale_anderson@live.com,Dale Anderson
42900177979,sadie_moody@gmail.com,Sadie Moody
86041250511,roger_mccoy@live.com,Roger McCoy
33757078004,jerome_lamb@live.com,Jerome Lamb
17442856837,luke_hardy@yahoo.com,Luke Hardy
23305740965,etta_cortez@outlook.com.br,Etta Cortez
57133114496,jerome_colon@gmail.com,Jerome Colon
99531056188,derek_baldwin@hotmail.com,Derek Baldwin
21089541716,wesley_collins@live.com,Wesley Collins
13874766969,estella_moore@bol.com.br,Estella Moore
85848697353,calvin_ball@bol.com.br,Calvin Ball
24538140104,jessie_ball@live.com,Jessie Ball
88871925530,loretta_fuller@live.com,Loretta Fuller
79267933370,stephen_burton@gmail.com,Stephen Burton
92350996840,eddie_herrera@bol.com.br,Eddie Herrera
30728659140,tom_bishop@yahoo.com,Tom Bishop
47438042219,nannie_mills@yahoo.com,Nannie Mills
69570293012,shawn_daniels@yahoo.com,Shawn Daniels
95111474200,violet_greene@hotmail.com,Violet Greene
98002808711,ella_woods@gmail.com,Ella Woods
65662282846,virgie_salazar@outlook.com.br,Virgie Salazar
75499669660,trevor_lynch@outlook.com.br,Trevor Lynch
16400255109,lucy_strickland@bol.com.br,Lucy Strickland
30380349167,gene_cox@bol.com.br,Gene Cox
92429517906,danny_burton@hotmail.com,Danny Burton
91366966090,eva_armstrong@live.com,Eva Armstrong
37666033290,emma_hale@gmail.com,Emma Hale
41591548160,norman_doyle@yahoo.com,Norman Doyle
81312074043,nelle_morrison@live.com,Nelle Morrison
30112364535,nelle_smith@hotmail.com,Nelle Smith
31587704749,jose_garner@outlook.com.br,Jose Garner
30486093778,katie_lambert@live.com,Katie Lambert
97551460403,cody_daniel@live.com,Cody Daniel
35189208630,justin_palmer@bol.com.br,Justin Palmer
27585104219,delia_ross@bol.com.br,Delia Ross
56627561808,agnes_torres@live.com,Agnes Torres
67019417612,tom_murray@live.com,Tom Murray
30644078219,lura_garrett@live.com,Lura Garrett
46642394755,gary_becker@gmail.com,Gary Becker
63234280754,robert_warner@bol.com.br,Robert Warner
63343022055,gilbert_mclaughlin@outlook.com.br,Gilbert McLaughlin
55164352427,antonio_hampton@hotmail.com,Antonio Hampton
87317358789,cecelia_sparks@live.com,Cecelia Sparks
53694311084,andre_anderson@live.com,Andre Anderson
07194174065,georgie_moore@outlook.com.br,Georgie Moore
82311926977,essie_dixon@live.com,Essie Dixon
32244571203,mattie_nash@hotmail.com,Mattie Nash
60566199408,rosalie_pope@hotmail.com,Rosalie Pope
97409453095,teresa_nelson@live.com,Teresa Nelson
00433398590,lela_flores@gmail.com,Lela Flores
81562505599,abbie_craig@gmail.com,Abbie Craig
74702740148,jared_greer@bol.com.br,Jared Greer
17695014010,sophia_johnston@bol.com.br,Sophia Johnston
18178470152,isaiah_nichols@gmail.com,Isaiah Nichols
20177669683,caroline_logan@hotmail.com,Caroline Logan
04838431139,alma_brown@yahoo.com,Alma Brown
35765294898,edgar_kim@live.com,Edgar Kim
12403915521,mason_larson@hotmail.com,Mason Larson
57011533710,leroy_keller@live.com,Leroy Keller
50920221599,edgar_oliver@outlook.com.br,Edgar Oliver
45358368175,jane_sutton@hotmail.com,Jane Sutton
46872607564,rhoda_farmer@gmail.com,Rhoda Farmer
56947769680,dylan_mendoza@bol.com.br,Dylan Mendoza
41784306703,leo_miller@live.com,Leo Miller
40624746380,martha_harvey@yahoo.com,Martha Harvey
05534888563,jane_ortega@gmail.com,Jane Ortega
23343301248,leon_thompson@live.com,Leon Thompson
41123438099,della_park@outlook.com.br,Della Park
52219346471,anthony_gutierrez@live.com,Anthony Gutierrez
39791470960,randy_nash@yahoo.com,Randy Nash
84620858293,leonard_bridges@yahoo.com,Leonard Bridges
43681709467,ryan_sanchez@outlook.com.br,Ryan Sanchez
52817566300,paul_todd@live.com,Paul Todd
60532717996,delia_barker@yahoo.com,Delia Barker
39945435841,hester_freeman@yahoo.com,Hester Freeman
98436987209,adrian_wise@hotmail.com,Adrian Wise
10116263300,bessie_byrd@bol.com.br,Bessie Byrd
17993572010,susie_hunt@bol.com.br,Susie Hunt
19945110799,ethan_webb@outlook.com.br,Ethan Webb
16373033511,kathryn_cortez@gmail.com,Kathryn Cortez
74523307148,leah_sutton@gmail.com,Leah Sutton
69541009603,sophie_nunez@live.com,Sophie Nunez
20211168750,julian_foster@live.com,Julian Foster
41337184292,jeff_sanchez@gmail.com,Jeff Sanchez
53286577995,bobby_wagner@hotmail.com,Bobby Wagner
22368112928,virginia_bryan@gmail.com,Virginia Bryan
10087290278,richard_dixon@gmail.com,Richard Dixon
32626126420,ivan_horton@live.com,Ivan Horton
12406516431,mina_chapman@gmail.com,Mina Chapman
33409630708,belle_cooper@gmail.com,Belle Cooper
94139576650,julian_jackson@bol.com.br,Julian Jackson
83282150393,logan_phillips@yahoo.com,Logan Phillips
57263804875,iva_chapman@live.com,Iva Chapman
32960820509,fanny_burns@live.com,Fanny Burns
55534221089,leonard_williams@gmail.com,Leonard Williams
